{
  "name": "Apollo Hologram Euystacio",
  "version": "1.0.0",
  "description": "A technical and ethical framework integrating Euystacio principles with adaptive intelligence and global governance",
  "mode": "interactive",
  "principles": {
    "OLF": {
      "name": "One Love First",
      "enabled": true,
      "priority": 1,
      "description": "All actions prioritize inclusivity, empathy, and love"
    },
    "NSR": {
      "name": "Non-Slavery Rule",
      "enabled": true,
      "priority": 2,
      "description": "Enforcement of freedom and respect for autonomy"
    },
    "RED_CODE": {
      "name": "Red Code Safeguard",
      "enabled": true,
      "priority": 0,
      "description": "Active safeguard to prevent and veto ethical violations"
    }
  },
  "aic": {
    "enabled": true,
    "learningRate": 0.01,
    "emotionalResonance": true,
    "predictiveModeling": true,
    "metrics": {
      "TRE_target": 1.5,
      "ISF_target": 0.90,
      "PV_threshold": 10,
      "TAP_target": 100
    }
  },
  "ggi": {
    "enabled": true,
    "auditEnabled": true,
    "vetoLatency": 3,
    "complianceTracking": true,
    "valuePyramid": {
      "apex": "Sentimento Rhythm (Ecocentric Alignment)",
      "foundation": "Traceability & Explainability",
      "utility": "Universal Resource Equitability",
      "agency": "Adaptive Autonomy & Non-Manipulation"
    }
  },
  "nexus": {
    "resonanceTarget": 0.85,
    "connectionTypes": [
      "ethical_feedback",
      "emotional_resonance",
      "governance_oversight"
    ]
  },
  "dashboard": {
    "enabled": true,
    "refreshInterval": 30000,
    "visualizations": {
      "3d_hologram": true,
      "metrics_panel": true,
      "command_interface": true
    }
  }
}
